ElectronicID,ElectronicName,ReleaseYear,Count,TotalCount,Rating,ManufacturerID,TypeID
1,MacBook Pro,2019,14,14,AVERAGE,1,1
2,Macbook Air,2021,7,7,AVERAGE,1,1
3,250 G6,2022,14,14,AVERAGE,2,1
4,MacBook Pro,2020,5,5,AVERAGE,1,1
5,MacBook Pro,2019,12,12,AVERAGE,1,1
6,Aspire 3,2021,7,7,AVERAGE,3,1
7,MacBook Pro,2020,7,7,AVERAGE,1,1
8,Macbook Air,2022,8,8,AVERAGE,1,1
9,ZenBook UX430UN,2022,11,11,AVERAGE,4,1
10,Swift 3,2019,10,10,AVERAGE,3,1
11,250 G6,2022,12,12,AVERAGE,2,1
12,250 G6,2020,6,6,AVERAGE,2,1
13,MacBook Pro,2020,9,9,AVERAGE,1,1
14,Inspiron 3567,2019,12,12,AVERAGE,5,1
15,"MacBook 12""",2019,7,7,AVERAGE,1,1
16,MacBook Pro,2022,10,10,AVERAGE,1,1
17,Inspiron 3567,2019,4,4,AVERAGE,5,1
18,MacBook Pro,2022,3,3,AVERAGE,1,1
19,IdeaPad 320-15IKB,2020,8,8,AVERAGE,6,1
20,XPS 13,2021,15,15,AVERAGE,5,1
21,Vivobook E200HA,2019,15,15,AVERAGE,4,1
22,Legion Y520-15IKBN,2022,9,9,AVERAGE,6,1
23,255 G6,2020,5,5,AVERAGE,2,1
24,Inspiron 5379,2019,3,3,AVERAGE,5,1
25,15-BS101nv (i7-8550U/8GB/256GB/FHD/W10),2022,9,9,AVERAGE,2,1
26,Inspiron 3567,2020,9,9,AVERAGE,5,1
27,MacBook Air,2020,5,5,AVERAGE,1,1
28,Inspiron 5570,2022,14,14,AVERAGE,5,1
29,Latitude 5590,2021,14,14,AVERAGE,5,1
30,ProBook 470,2019,13,13,AVERAGE,2,1
31,"LapBook 15.6""",2021,12,12,AVERAGE,7,1
32,E402WA-GA010T (E2-6110/2GB/32GB/W10),2022,10,10,AVERAGE,4,1
33,17-ak001nv (A6-9220/4GB/500GB/Radeon,2021,5,5,AVERAGE,2,1
34,XPS 13,2020,15,15,AVERAGE,5,1
35,MacBook Air,2019,8,8,AVERAGE,1,1
36,IdeaPad 120S-14IAP,2021,5,5,AVERAGE,6,1
37,Aspire 3,2021,4,4,AVERAGE,3,1
38,Inspiron 5770,2021,3,3,AVERAGE,5,1
39,250 G6,2019,11,11,AVERAGE,2,1
40,ProBook 450,2019,12,12,AVERAGE,2,1
41,X540UA-DM186 (i3-6006U/4GB/1TB/FHD/Linux),2019,7,7,AVERAGE,4,1
42,Inspiron 7577,2021,6,6,AVERAGE,5,1
43,X542UQ-GO005 (i5-7200U/8GB/1TB/GeForce,2019,15,15,AVERAGE,4,1
44,Aspire A515-51G,2021,3,3,AVERAGE,3,1
45,Inspiron 7773,2019,8,8,AVERAGE,5,1
46,MacBook Pro,2019,11,11,AVERAGE,1,1
47,IdeaPad 320-15ISK,2022,4,4,AVERAGE,6,1
48,Rog Strix,2020,7,7,AVERAGE,4,1
49,Inspiron 3567,2022,12,12,AVERAGE,5,1
50,X751NV-TY001T (N4200/4GB/1TB/GeForce,2022,8,8,AVERAGE,4,1
51,Yoga Book,2022,15,15,AVERAGE,6,1
52,Aspire A515-51G,2022,14,14,AVERAGE,3,1
53,255 G6,2020,14,14,AVERAGE,2,1
54,ProBook 430,2019,7,7,AVERAGE,2,1
55,Aspire 3,2020,11,11,AVERAGE,3,1
56,Inspiron 3576,2020,15,15,AVERAGE,5,1
57,15-bs002nv (i3-6006U/4GB/128GB/FHD/W10),2021,4,4,AVERAGE,2,1
58,VivoBook Max,2019,14,14,AVERAGE,4,1
59,GS73VR 7RG,2020,8,8,AVERAGE,8,1
60,X541UA-DM1897 (i3-6006U/4GB/256GB/FHD/Linux),2020,3,3,AVERAGE,4,1
61,Inspiron 5770,2021,15,15,AVERAGE,5,1
62,Vostro 5471,2019,11,11,AVERAGE,5,1
63,IdeaPad 520S-14IKB,2020,12,12,AVERAGE,6,1
64,UX410UA-GV350T (i5-8250U/8GB/256GB/FHD/W10),2020,7,7,AVERAGE,4,1
65,250 G6,2019,15,15,AVERAGE,2,1
66,ZenBook Pro,2019,13,13,AVERAGE,4,1
67,250 G6,2021,3,3,AVERAGE,2,1
68,Stream 14-AX040wm,2021,8,8,AVERAGE,2,1
69,V310-15ISK (i5-7200U/4GB/1TB/FHD/W10),2020,15,15,AVERAGE,6,1
70,FX753VE-GC093 (i7-7700HQ/12GB/1TB/GeForce,2020,6,6,AVERAGE,4,1
71,Surface Laptop,2020,3,3,AVERAGE,9,1
72,Inspiron 5370,2022,15,15,AVERAGE,5,1
73,Inspiron 5570,2020,6,6,AVERAGE,5,1
74,GL72M 7RDX,2021,12,12,AVERAGE,8,1
75,Aspire E5-475,2022,13,13,AVERAGE,3,1
76,FX503VD-E4022T (i7-7700HQ/8GB/1TB/GeForce,2019,8,8,AVERAGE,4,1
77,IdeaPad 320-15IKBN,2022,10,10,AVERAGE,6,1
78,Inspiron 5570,2022,13,13,AVERAGE,5,1
79,Aspire A515-51G-32MX,2019,3,3,AVERAGE,3,1
80,ProBook 470,2019,10,10,AVERAGE,2,1
81,Latitude 5590,2019,6,6,AVERAGE,5,1
82,"MacBook 12""",2022,4,4,AVERAGE,1,1
83,ProBook 440,2022,8,8,AVERAGE,2,1
84,IdeaPad 320-15AST,2019,13,13,AVERAGE,6,1
85,Aspire 3,2021,11,11,AVERAGE,3,1
86,Inspiron 7577,2022,11,11,AVERAGE,5,1
87,Pavilion 15-CK000nv,2021,6,6,AVERAGE,2,1
88,250 G6,2022,9,9,AVERAGE,2,1
89,FX503VM-E4007T (i7-7700HQ/16GB/1TB,2020,7,7,AVERAGE,4,1
90,XPS 13,2019,4,4,AVERAGE,5,1
91,FX550IK-DM018T (FX-9830P/8GB/1TB/Radeon,2022,3,3,AVERAGE,4,1
92,Aspire 5,2019,3,3,AVERAGE,3,1
93,Probook 430,2020,10,10,AVERAGE,2,1
94,Inspiron 7577,2022,7,7,AVERAGE,5,1
95,Zenbook UX430UA,2020,3,3,AVERAGE,4,1
96,Spin 5,2022,3,3,AVERAGE,3,1
97,Inspiron 3567,2022,15,15,AVERAGE,5,1
98,Inspiron 3567,2019,13,13,AVERAGE,5,1
99,X541UV-DM1439T (i3-7100U/6GB/256GB/GeForce,2019,6,6,AVERAGE,4,1
100,Omen 15-ce007nv,2021,12,12,AVERAGE,2,1
101,15-bs017nv (i7-7500U/8GB/256GB/Radeon,2021,5,5,AVERAGE,2,1
102,15-bw000nv (E2-9000e/4GB/500GB/Radeon,2022,5,5,AVERAGE,2,1
103,Inspiron 3576,2022,3,3,AVERAGE,5,1
104,Envy 13-ad009n,2019,6,6,AVERAGE,2,1
105,Surface Laptop,2019,9,9,AVERAGE,9,1
106,Pavilion 14-BK001nv,2020,4,4,AVERAGE,2,1
107,Ideapad 310-15ISK,2022,5,5,AVERAGE,6,1
108,UX430UQ-GV209R (i7-7500U/8GB/256GB/GeForce,2020,13,13,AVERAGE,4,1
109,GP62M 7REX,2019,11,11,AVERAGE,8,1
110,Thinkpad T470,2022,7,7,AVERAGE,6,1
111,VivoBook S15,2019,11,11,AVERAGE,4,1
112,XPS 13,2020,5,5,AVERAGE,5,1
113,ThinkPad Yoga,2019,12,12,AVERAGE,6,1
114,Probook 440,2020,5,5,AVERAGE,2,1
115,XPS 13,2021,3,3,AVERAGE,5,1
116,Spectre x360,2022,10,10,AVERAGE,2,1
117,Probook 440,2021,3,3,AVERAGE,2,1
118,Inspiron 7570,2022,13,13,AVERAGE,5,1
119,X705UV-BX074T (i3-6006U/4GB/1TB/GeForce,2020,11,11,AVERAGE,4,1
120,VivoBook S15,2022,11,11,AVERAGE,4,1
121,Spin 3,2020,7,7,AVERAGE,3,1
122,GS63VR 7RG,2021,6,6,AVERAGE,8,1
123,IdeaPad 320-15IKBN,2022,15,15,AVERAGE,6,1
124,Probook 470,2020,10,10,AVERAGE,2,1
125,Aspire 3,2022,13,13,AVERAGE,3,1
126,250 G6,2022,4,4,AVERAGE,2,1
127,Probook 440,2020,15,15,AVERAGE,2,1
128,E402WA-GA007T (E2-6110/4GB/64GB/W10,2021,9,9,AVERAGE,4,1
129,Inspiron 5770,2022,14,14,AVERAGE,5,1
130,ProBook 470,2022,14,14,AVERAGE,2,1
131,Inspiron 5567,2021,6,6,AVERAGE,5,1
132,Inspiron 3567,2022,8,8,AVERAGE,5,1
133,Swift 3,2020,3,3,AVERAGE,3,1
134,Aspire A515-51G-37JS,2020,5,5,AVERAGE,3,1
135,15-BS078nr (i7-7500U/8GB/1TB/W10),2022,14,14,AVERAGE,2,1
136,Probook 440,2022,14,14,AVERAGE,2,1
137,V110-15IAP (N3350/4GB/1TB/No,2020,10,10,AVERAGE,6,1
138,FX753VD-GC086T (i5-7300HQ/8GB/1TB,2022,12,12,AVERAGE,4,1
139,IdeaPad 320-15IKBN,2022,13,13,AVERAGE,6,1
140,Envy 13-AD007nv,2021,11,11,AVERAGE,2,1
141,Aspire 5,2021,11,11,AVERAGE,3,1
142,ThinkPad E480,2022,4,4,AVERAGE,6,1
143,Legion Y520-15IKBN,2019,3,3,AVERAGE,6,1
144,Satellite Pro,2021,3,3,AVERAGE,10,1
145,255 G6,2019,3,3,AVERAGE,2,1
146,ZenBook UX430UA,2020,5,5,AVERAGE,4,1
147,EliteBook Folio,2022,11,11,AVERAGE,2,1
148,X541NA (N3350/4GB/1TB/FHD/W10),2022,6,6,AVERAGE,4,1
149,GE72MVR 7RG,2021,3,3,AVERAGE,8,1
150,Aspire A315-51,2019,8,8,AVERAGE,3,1
151,Inspiron 5577,2019,8,8,AVERAGE,5,1
152,Inspiron 7567,2022,14,14,AVERAGE,5,1
153,V110-15IKB (i5-7200U/4GB/128GB/W10),2019,14,14,AVERAGE,6,1
154,GE73VR 7RE,2020,9,9,AVERAGE,8,1
155,EliteBook 840,2020,13,13,AVERAGE,2,1
156,15-BS103nv (i5-8250U/6GB/256GB/Radeon,2019,6,6,AVERAGE,2,1
157,Yoga 520-14IKB,2019,10,10,AVERAGE,6,1
158,ZenBook Flip,2020,12,12,AVERAGE,4,1
159,Inspiron 5579,2019,5,5,AVERAGE,5,1
160,Satellite Pro,2021,10,10,AVERAGE,10,1
161,X555BP-XX180T (A9-9420/4GB/1TB/Radeon,2021,8,8,AVERAGE,4,1
162,Aspire A517-51G,2019,6,6,AVERAGE,3,1
163,Inspiron 3576,2019,5,5,AVERAGE,5,1
164,Legion Y520-15IKBN,2022,3,3,AVERAGE,6,1
165,Aspire A315-31,2022,14,14,AVERAGE,3,1
166,GE63VR 7RE,2020,5,5,AVERAGE,8,1
167,Aspire 3,2019,8,8,AVERAGE,3,1
168,Inspiron 5577,2022,10,10,AVERAGE,5,1
169,Aspire A517-51G,2019,10,10,AVERAGE,3,1
170,ProBook 430,2019,10,10,AVERAGE,2,1
171,MateBook X,2021,10,10,AVERAGE,11,1
172,17-bs001nv (i5-7200U/6GB/2TB/Radeon,2021,7,7,AVERAGE,2,1
173,IdeaPad 320-15AST,2020,15,15,AVERAGE,6,1
174,Satellite Pro,2022,13,13,AVERAGE,10,1
175,ProBook 470,2019,14,14,AVERAGE,2,1
176,Inspiron 3567,2021,13,13,AVERAGE,5,1
177,Aspire A315-51,2020,5,5,AVERAGE,3,1
178,GT80S 6QF-074US,2020,7,7,AVERAGE,8,1
179,V310-15IKB (i5-7200U/8GB/1TB,2020,4,4,AVERAGE,6,1
180,Spectre x360,2020,7,7,AVERAGE,2,1
181,Inspiron 5570,2019,13,13,AVERAGE,5,1
182,XPS 13,2020,14,14,AVERAGE,5,1
183,Yoga 920-13IKB,2019,7,7,AVERAGE,6,1
184,Satellite Pro,2022,5,5,AVERAGE,10,1
185,Mi Notebook,2019,4,4,AVERAGE,12,1
186,Inspiron 7773,2019,14,14,AVERAGE,5,1
187,XPS 15,2020,13,13,AVERAGE,5,1
188,Legion Y520-15IKBN,2022,11,11,AVERAGE,6,1
189,Swift 7,2021,7,7,AVERAGE,3,1
190,Inspiron 5770,2021,7,7,AVERAGE,5,1
191,Thinkpad Yoga,2019,14,14,AVERAGE,6,1
192,K147 (N3350/4GB/32GB/FHD/W10),2021,9,9,AVERAGE,13,1
193,Mi Notebook,2021,3,3,AVERAGE,12,1
194,IdeaPad 320-17IKBR,2019,10,10,AVERAGE,6,1
195,Inspiron 5379,2019,4,4,AVERAGE,5,1
196,ProBook 470,2020,9,9,AVERAGE,2,1
197,Blade Pro,2022,5,5,AVERAGE,14,1
198,ProBook 430,2021,15,15,AVERAGE,2,1
199,Omen 17-W295,2022,10,10,AVERAGE,2,1
200,Probook 470,2022,7,7,AVERAGE,2,1
201,Inspiron 7577,2019,4,4,AVERAGE,5,1
202,V110-15ISK (i5-6200U/4GB/128GB/W10),2022,10,10,AVERAGE,6,1
203,Aspire E5-576G,2020,6,6,AVERAGE,3,1
204,Legion Y720-15IKB,2021,3,3,AVERAGE,6,1
205,Precision 7520,2022,11,11,AVERAGE,5,1
206,Legion Y520-15IKBN,2019,14,14,AVERAGE,6,1
207,Inspiron 3567,2020,12,12,AVERAGE,5,1
208,XPS 13,2021,7,7,AVERAGE,5,1
209,XPS 13,2022,15,15,AVERAGE,5,1
210,IdeaPad 320-15IKBN,2020,3,3,AVERAGE,6,1
211,Aspire 7,2022,8,8,AVERAGE,3,1
212,ROG GL703VD-GC028T,2019,10,10,AVERAGE,4,1
213,15-bs018nq (i3-6006U/4GB/500GB/FHD/No,2022,11,11,AVERAGE,2,1
214,IdeaPad 320-15IKBN,2021,13,13,AVERAGE,6,1
215,MateBook X,2021,12,12,AVERAGE,11,1
216,Inspiron 5370,2019,11,11,AVERAGE,5,1
217,IdeaPad 320-17IKB,2020,9,9,AVERAGE,6,1
218,Probook 440,2022,8,8,AVERAGE,2,1
219,Latitude 5490,2022,13,13,AVERAGE,5,1
220,Inspiron 5379,2022,6,6,AVERAGE,5,1
221,Inspiron 3576,2022,13,13,AVERAGE,5,1
222,Yoga 520-14IKB,2019,8,8,AVERAGE,6,1
223,Portege Z30-C-16L,2022,4,4,AVERAGE,10,1
224,ProBook 450,2021,11,11,AVERAGE,2,1
225,Alienware 17,2019,7,7,AVERAGE,5,1
226,Aspire E5-576G,2019,6,6,AVERAGE,3,1
227,Inspiron 5567,2022,14,14,AVERAGE,5,1
228,Vivobook X541UV-DM1217T,2019,6,6,AVERAGE,4,1
229,K756UX-T4340T (i5-7200U/8GB/500GB,2020,14,14,AVERAGE,4,1
230,ZBook 15u,2019,11,11,AVERAGE,2,1
231,Pro P2540UA-XO0198T,2020,10,10,AVERAGE,4,1
232,15-rb013nv (E2-9000e/4GB/500GB/W10),2019,15,15,AVERAGE,2,1
233,Legion Y720-15IKB,2022,8,8,AVERAGE,6,1
234,Vostro 5468,2022,13,13,AVERAGE,5,1
235,Aspire R7,2022,3,3,AVERAGE,3,1
236,Inspiron 5567,2022,7,7,AVERAGE,5,1
237,Aspire A315-51,2019,6,6,AVERAGE,3,1
238,X555QG-DM242T (A10-9620P/4GB/1TB,2020,12,12,AVERAGE,4,1
239,ROG G703VI-E5062T,2022,6,6,AVERAGE,4,1
240,Nitro AN515-51,2020,7,7,AVERAGE,3,1
241,IdeaPad 320-15ISK,2022,10,10,AVERAGE,6,1
242,VivoBook Pro,2019,10,10,AVERAGE,4,1
243,F756UX-T4201D (i7-7500U/8GB/128GB,2020,13,13,AVERAGE,4,1
244,Inspiron 5577,2020,14,14,AVERAGE,5,1
245,Yoga 910-13IKB,2019,7,7,AVERAGE,6,1
246,Inspiron 5570,2022,10,10,AVERAGE,5,1
247,15-bs015dx (i5-7200U/8GB/1TB/W10),2022,10,10,AVERAGE,2,1
248,Rog G701VIK-BA060T,2019,12,12,AVERAGE,4,1
249,ProBook 430,2020,9,9,AVERAGE,2,1
250,MacBook Pro,2022,13,13,AVERAGE,1,1
251,Inspiron 5579,2022,6,6,AVERAGE,5,1
252,ROG G752VSK-GC493T,2021,7,7,AVERAGE,4,1
253,X505BP-BR019T (A9-9420/4GB/1TB/Radeon,2019,9,9,AVERAGE,4,1
254,Yoga 920-13IKB,2021,7,7,AVERAGE,6,1
255,Aspire 5,2022,13,13,AVERAGE,3,1
256,Vostro 5370,2021,10,10,AVERAGE,5,1
257,15-BW094nd (A6-9220/8GB/128GB/W10),2022,8,8,AVERAGE,2,1
258,Envy 17-U275cl,2020,9,9,AVERAGE,2,1
259,GT73EVR 7RE,2021,5,5,AVERAGE,8,1
260,Yoga 720-15IKB,2021,5,5,AVERAGE,6,1
261,Inspiron 5770,2021,10,10,AVERAGE,5,1
262,IdeaPad 320-15ISK,2022,6,6,AVERAGE,6,1
263,ProBook 450,2021,6,6,AVERAGE,2,1
264,Vostro 3568,2019,5,5,AVERAGE,5,1
265,Inspiron 3567,2020,15,15,AVERAGE,5,1
266,Inspiron 5579,2022,10,10,AVERAGE,5,1
267,ZenBook Flip,2022,13,13,AVERAGE,4,1
268,IdeaPad 320-15IKBN,2019,6,6,AVERAGE,6,1
269,Probook 470,2019,13,13,AVERAGE,2,1
270,V330-15IKB (i7-8550U/8GB/256GB/FHD/W10),2022,13,13,AVERAGE,6,1
271,MacBook Pro,2022,3,3,AVERAGE,1,1
272,Rog Strix,2022,6,6,AVERAGE,4,1
273,Inspiron 3576,2019,13,13,AVERAGE,5,1
274,ThinkPad X1,2021,4,4,AVERAGE,6,1
275,Satellite Pro,2020,5,5,AVERAGE,10,1
276,Inspiron 5567,2021,14,14,AVERAGE,5,1
277,Inspiron 5770,2019,9,9,AVERAGE,5,1
278,Aspire A515-51G,2021,15,15,AVERAGE,3,1
279,IdeaPad 320-17ISK,2019,8,8,AVERAGE,6,1
280,IdeaPad 320-17IKBR,2022,4,4,AVERAGE,6,1
281,IdeaPad 320-17IKB,2020,6,6,AVERAGE,6,1
282,Inspiron 3567,2022,9,9,AVERAGE,5,1
283,Legion Y520-15IKBN,2020,11,11,AVERAGE,6,1
284,Ideapad 320-15IKBN,2021,9,9,AVERAGE,6,1
285,Aspire A517-51G,2020,14,14,AVERAGE,3,1
286,SP315-51 (i7-7500U/12GB/1TB/FHD/W10),2019,12,12,AVERAGE,3,1
287,Thinkpad T570,2021,9,9,AVERAGE,6,1
288,VivoBook S15,2022,6,6,AVERAGE,4,1
289,Legion Y520-15IKBN,2021,3,3,AVERAGE,6,1
290,IdeaPad 320-15IKB,2019,15,15,AVERAGE,6,1
291,Chromebook C910-C2ST,2019,8,8,AVERAGE,3,1
292,FX753VD-GC071T (i7-7700HQ/8GB/1TB/GeForce,2020,5,5,AVERAGE,4,1
293,17-BS037cl (i3-6006U/8GB/1TB/W10),2022,13,13,AVERAGE,2,1
294,XPS 15,2021,13,13,AVERAGE,5,1
295,V330-15IKB (i5-8250U/8GB/256GB/FHD/W10),2020,3,3,AVERAGE,6,1
296,Legion Y720-15IKB,2022,10,10,AVERAGE,6,1
297,Aspire A715-71G,2022,10,10,AVERAGE,3,1
298,Precision 7720,2021,9,9,AVERAGE,5,1
299,IdeaPad 310-15ABR,2020,4,4,AVERAGE,6,1
300,ZenBook UX530UQ-PRO,2019,8,8,AVERAGE,4,1
301,VivoBook S14,2020,5,5,AVERAGE,4,1
302,Rog GL702VS-GC095T,2019,11,11,AVERAGE,4,1
303,IdeaPad 320-17IKB,2019,13,13,AVERAGE,6,1
304,IdeaPad 320-15IKBN,2022,14,14,AVERAGE,6,1
305,GL553VE-FY082T (i7-7700HQ/8GB/1TB,2020,8,8,AVERAGE,4,1
306,IdeaPad 320-15IAP,2021,7,7,AVERAGE,6,1
307,EliteBook x360,2019,11,11,AVERAGE,2,1
308,Satellite Pro,2021,8,8,AVERAGE,10,1
309,IdeaPad 320-15IKB,2020,9,9,AVERAGE,6,1
310,250 G6,2020,7,7,AVERAGE,2,1
311,IdeaPad 720S-13IKB,2019,15,15,AVERAGE,6,1
312,XPS 13,2019,4,4,AVERAGE,5,1
313,GE63VR 7RF,2022,15,15,AVERAGE,8,1
314,ES1-523-84K7 (A8-7410/8GB/256GB/FHD/W10),2020,8,8,AVERAGE,3,1
315,VivoBook Flip,2020,6,6,AVERAGE,4,1
316,Inspiron 5570,2022,10,10,AVERAGE,5,1
317,Spectre x360,2022,5,5,AVERAGE,2,1
318,ThinkPad 13,2022,10,10,AVERAGE,6,1
319,ProBook 640,2020,8,8,AVERAGE,2,1
320,TravelMate B,2019,15,15,AVERAGE,3,1
321,Elitebook 840,2020,6,6,AVERAGE,2,1
322,IdeaPad 320-17IKB,2019,6,6,AVERAGE,6,1
323,ZenBook UX410UA-GV183T,2020,13,13,AVERAGE,4,1
324,ProBook 450,2020,4,4,AVERAGE,2,1
325,Aspire 5,2021,10,10,AVERAGE,3,1
326,IdeaPad 120S-14IAP,2021,10,10,AVERAGE,6,1
327,Aspire E5-575,2019,10,10,AVERAGE,3,1
328,VivoBook S15,2022,7,7,AVERAGE,4,1
329,Elitebook 820,2020,9,9,AVERAGE,2,1
330,XPS 15,2020,8,8,AVERAGE,5,1
331,GL72M 7REX,2019,5,5,AVERAGE,8,1
332,Satellite Pro,2022,10,10,AVERAGE,10,1
333,UX510UX-CN269T (i7-7500U/8GB/256GB,2022,6,6,AVERAGE,4,1
334,V310-15ISK (i3-6006U/4GB/1TB/FHD/W10),2021,6,6,AVERAGE,6,1
335,FX553VD-FY647T (i7-7700HQ/8GB/256GB/GeForce,2022,3,3,AVERAGE,4,1
336,EliteBook 840,2022,6,6,AVERAGE,2,1
337,Inspiron 7570,2020,3,3,AVERAGE,5,1
338,Elitebook 850,2022,9,9,AVERAGE,2,1
339,X541NA (N3350/4GB/1TB/Linux),2022,11,11,AVERAGE,4,1
340,Inspiron 7570,2021,8,8,AVERAGE,5,1
341,Inspiron 3552,2021,7,7,AVERAGE,5,1
342,IdeaPad 320-15ABR,2019,5,5,AVERAGE,6,1
343,ProBook 450,2020,12,12,AVERAGE,2,1
344,Yoga 920-13IKB,2020,5,5,AVERAGE,6,1
345,XPS 13,2021,7,7,AVERAGE,5,1
346,Legion Y520-15IKBN,2020,7,7,AVERAGE,6,1
347,Stream 14-AX001nv,2021,5,5,AVERAGE,2,1
348,Latitude 5590,2020,13,13,AVERAGE,5,1
349,VivoBook Flip,2020,14,14,AVERAGE,4,1
350,Inspiron 5570,2022,13,13,AVERAGE,5,1
351,XPS 15,2022,7,7,AVERAGE,5,1
352,Elitebook 850,2021,6,6,AVERAGE,2,1
353,GP72MVR 7RFX,2020,11,11,AVERAGE,8,1
354,Zbook 15,2022,4,4,AVERAGE,2,1
355,Tecra A50-C-21G,2021,6,6,AVERAGE,10,1
356,Inspiron 5570,2021,3,3,AVERAGE,5,1
357,IdeaPad 320-15IAP,2022,13,13,AVERAGE,6,1
358,Inspiron 7577,2019,3,3,AVERAGE,5,1
359,Inspiron 3567,2022,8,8,AVERAGE,5,1
360,Latitude 7480,2021,11,11,AVERAGE,5,1
361,250 G6,2019,14,14,AVERAGE,2,1
362,Zenbook UX410UA-GV027T,2021,11,11,AVERAGE,4,1
363,IdeaPad 320-17IKB,2022,15,15,AVERAGE,6,1
364,250 G6,2021,10,10,AVERAGE,2,1
365,IdeaPad 320-15ISK,2020,7,7,AVERAGE,6,1
366,15-AY023na (N3710/8GB/2TB/W10),2020,12,12,AVERAGE,2,1
367,Inspiron 5770,2020,7,7,AVERAGE,5,1
368,Legion Y520-15IKBN,2021,4,4,AVERAGE,6,1
369,Inspiron 5567,2019,6,6,AVERAGE,5,1
370,Elitebook 1040,2019,4,4,AVERAGE,2,1
371,ZenBook Flip,2021,12,12,AVERAGE,4,1
372,Aspire 3,2019,6,6,AVERAGE,3,1
373,Rog Strix,2019,4,4,AVERAGE,4,1
374,IdeaPad 110-17ACL,2020,11,11,AVERAGE,6,1
375,Inspiron 5379,2022,12,12,AVERAGE,5,1
376,15-bw003nv (A9-Series-9420/4GB/256GB/FHD/W10),2022,8,8,AVERAGE,2,1
377,Yoga 11e,2021,13,13,AVERAGE,6,1
378,Inspiron 3552,2020,13,13,AVERAGE,5,1
379,VivoBook E403NA,2020,5,5,AVERAGE,4,1
380,Aspire 7,2020,6,6,AVERAGE,3,1
381,Omen 17-w212nv,2021,15,15,AVERAGE,2,1
382,V310-15ISK (i3-6006U/4GB/128GB/FHD/No,2020,8,8,AVERAGE,6,1
383,ROG Strix,2021,11,11,AVERAGE,4,1
384,IdeaPad 720S-14IKB,2022,9,9,AVERAGE,6,1
385,Zenbook Flip,2020,9,9,AVERAGE,4,1
386,Thinkpad X1,2020,11,11,AVERAGE,6,1
387,Ideapad 510S-13IKB,2021,6,6,AVERAGE,6,1
388,Precision 3510,2022,12,12,AVERAGE,5,1
389,Precision 5520,2019,5,5,AVERAGE,5,1
390,ThinkPad X1,2020,11,11,AVERAGE,6,1
391,Rog GL753VD-GC042T,2019,10,10,AVERAGE,4,1
392,Rog GL753VE-GC070T,2020,5,5,AVERAGE,4,1
393,Aspire 5,2020,11,11,AVERAGE,3,1
394,Leopard GP72M,2020,4,4,AVERAGE,8,1
395,Inspiron 5567,2021,13,13,AVERAGE,5,1
396,15-BW004nv (A9-9420/4GB/256GB/Radeon,2020,7,7,AVERAGE,2,1
397,ThinkPad E580,2022,7,7,AVERAGE,6,1
398,ThinkPad L470,2022,3,3,AVERAGE,6,1
399,Precision M5520,2019,7,7,AVERAGE,5,1
400,Thinkpad X1,2021,14,14,AVERAGE,6,1
401,IdeaPad 320-15IAP,2020,14,14,AVERAGE,6,1
402,FX753VD-GC461T (i7-7700HQ/16GB/1TB,2021,9,9,AVERAGE,4,1
403,ThinkPad E580,2020,3,3,AVERAGE,6,1
404,Aspire 7,2019,7,7,AVERAGE,3,1
405,GE73VR 7RF,2022,13,13,AVERAGE,8,1
406,Zenbook 3,2022,11,11,AVERAGE,4,1
407,Portege Z30-C-16P,2022,14,14,AVERAGE,10,1
408,Latitude 7480,2020,10,10,AVERAGE,5,1
409,IdeaPad 320-15ISK,2019,6,6,AVERAGE,6,1
410,Lenovo IdeaPad,2021,15,15,AVERAGE,6,1
411,ThinkPad P51,2020,10,10,AVERAGE,6,1
412,Thinkpad T470p,2022,11,11,AVERAGE,6,1
413,15-BS028nv (i3-6006U/4GB/1TB/Radeon,2022,12,12,AVERAGE,2,1
414,Aspire R7,2022,5,5,AVERAGE,3,1
415,ZenBook Flip,2021,5,5,AVERAGE,4,1
416,Inspiron 3567,2020,4,4,AVERAGE,5,1
417,Latitude 3380,2020,11,11,AVERAGE,5,1
418,EliteBook 1040,2022,14,14,AVERAGE,2,1
419,Inspiron 3567,2019,5,5,AVERAGE,5,1
420,ThinkPad E480,2021,12,12,AVERAGE,6,1
421,Yoga 720-15IKB,2021,6,6,AVERAGE,6,1
422,LapBook 12.3,2021,3,3,AVERAGE,7,1
423,ProBook 650,2020,11,11,AVERAGE,2,1
424,X542UQ-DM117 (i3-7100U/8GB/1TB/GeForce,2020,15,15,AVERAGE,4,1
425,Alienware 17,2020,7,7,AVERAGE,5,1
426,Inspiron 7577,2020,11,11,AVERAGE,5,1
427,Inspiron 5570,2020,7,7,AVERAGE,5,1
428,Latitude 5480,2019,4,4,AVERAGE,5,1
429,Omen 17-w207nv,2019,15,15,AVERAGE,2,1
430,FlexBook Edge,2020,6,6,AVERAGE,15,1
431,Chromebook 3,2021,9,9,AVERAGE,16,1
432,Thinkpad 13,2022,11,11,AVERAGE,6,1
433,IdeaPad 320s-14IKB,2022,10,10,AVERAGE,6,1
434,Thinkpad T570,2022,14,14,AVERAGE,6,1
435,Thinkpad P51,2020,4,4,AVERAGE,6,1
436,Rog Strix,2021,12,12,AVERAGE,4,1
437,15-ra044nv (N3060/4GB/500GB/W10),2022,4,4,AVERAGE,2,1
438,Pixelbook (Core,2020,3,3,AVERAGE,17,1
439,ThinkPad T470s,2020,9,9,AVERAGE,6,1
440,VivoBook Max,2021,6,6,AVERAGE,4,1
441,IdeaPad 320-15AST,2022,7,7,AVERAGE,6,1
442,Inspiron 5570,2019,5,5,AVERAGE,5,1
443,ThinkPad X270,2021,8,8,AVERAGE,6,1
444,IdeaPad 320-15IAP,2022,5,5,AVERAGE,6,1
445,Omen 15-AX205na,2022,15,15,AVERAGE,2,1
446,Latitude 5480,2022,7,7,AVERAGE,5,1
447,Aspire ES1-572,2020,9,9,AVERAGE,3,1
448,Precision 3520,2020,7,7,AVERAGE,5,1
449,GV62 7RD-1686NL,2022,10,10,AVERAGE,8,1
450,Surface Laptop,2021,14,14,AVERAGE,9,1
451,15-bs024nv (i5-7200U/8GB/128GB/W10),2020,13,13,AVERAGE,2,1
452,Precision 3520,2021,10,10,AVERAGE,5,1
453,ProBook 650,2022,11,11,AVERAGE,2,1
454,ThinkPad T470,2022,3,3,AVERAGE,6,1
455,Inspiron 5570,2021,11,11,AVERAGE,5,1
456,Inspiron 3168,2019,7,7,AVERAGE,5,1
457,Alienware 17,2022,6,6,AVERAGE,5,1
458,Surface Laptop,2020,3,3,AVERAGE,9,1
459,Surface Laptop,2020,15,15,AVERAGE,9,1
460,17-BS092ND (i3-6006U/8GB/256GB/W10),2022,7,7,AVERAGE,2,1
461,Aspire E5-576G,2021,10,10,AVERAGE,3,1
462,TravelMate B,2022,5,5,AVERAGE,3,1
463,Pro P2540UA-AB51,2021,6,6,AVERAGE,4,1
464,IdeaPad 510s-14IKB,2020,11,11,AVERAGE,6,1
465,Thinkpad P51,2019,14,14,AVERAGE,6,1
466,X541NA-PD1003Y (N4200/4GB/500GB/W10),2020,9,9,AVERAGE,4,1
467,Aspire 5,2020,5,5,AVERAGE,3,1
468,Inspiron 5570,2020,5,5,AVERAGE,5,1
469,Omen 17-an006nv,2019,5,5,AVERAGE,2,1
470,Thinkpad T460s,2022,5,5,AVERAGE,6,1
471,Spectre x360,2019,4,4,AVERAGE,2,1
472,ZBook 15u,2022,14,14,AVERAGE,2,1
473,Pixelbook (Core,2022,10,10,AVERAGE,17,1
474,Latitude 7390,2019,7,7,AVERAGE,5,1
475,ZenBook Pro,2021,10,10,AVERAGE,4,1
476,Latitude E5470,2021,13,13,AVERAGE,5,1
477,Precision M5520,2022,9,9,AVERAGE,5,1
478,Thinkpad T470,2019,9,9,AVERAGE,6,1
479,Inspiron 3576,2022,4,4,AVERAGE,5,1
480,Portege X30-D-10J,2022,4,4,AVERAGE,10,1
481,Inspiron 7570,2020,9,9,AVERAGE,5,1
482,Vostro 3568,2021,8,8,AVERAGE,5,1
483,ProBook 430,2021,13,13,AVERAGE,2,1
484,"Lapbook 15,6",2022,8,8,AVERAGE,7,1
485,ThinkPad E570,2022,9,9,AVERAGE,6,1
486,ThinkPad E480,2021,7,7,AVERAGE,6,1
487,Precision 3520,2020,5,5,AVERAGE,5,1
488,XPS 15,2022,13,13,AVERAGE,5,1
489,Thinkpad X270,2020,4,4,AVERAGE,6,1
490,Zenbook UX390UA,2022,14,14,AVERAGE,4,1
491,Thinkpad E570,2020,8,8,AVERAGE,6,1
492,Portege X30-D-10L,2022,13,13,AVERAGE,10,1
493,VivoBook Pro,2020,8,8,AVERAGE,4,1
494,Aspire 5,2019,3,3,AVERAGE,3,1
495,Rog G752VL-UH71T,2019,14,14,AVERAGE,4,1
496,Thinkpad X260,2021,11,11,AVERAGE,6,1
497,Ideapad 520-15IKBR,2019,8,8,AVERAGE,6,1
498,EliteBook 840,2020,4,4,AVERAGE,2,1
499,ThinkPad 13,2021,6,6,AVERAGE,6,1
500,ThinkPad L570,2019,6,6,AVERAGE,6,1
501,VivoBook E201NA,2021,4,4,AVERAGE,4,1
502,15-BS026nv (i5-7200U/8GB/256GB/Radeon,2019,8,8,AVERAGE,2,1
503,Yoga 920-13IKB,2022,8,8,AVERAGE,6,1
504,IdeaPad 320-14IAP,2021,15,15,AVERAGE,6,1
505,Chromebook N23,2019,7,7,AVERAGE,6,1
506,ThinkPad 13,2022,8,8,AVERAGE,6,1
507,ZenBook UX510UX-CN211T,2021,12,12,AVERAGE,4,1
508,Aspire A515-51G-59QF,2021,7,7,AVERAGE,3,1
509,Envy 13-AB002nv,2019,11,11,AVERAGE,2,1
510,Legion Y520-15IKBN,2022,3,3,AVERAGE,6,1
511,XPS 13,2020,5,5,AVERAGE,5,1
512,Aspire A515-51G,2021,11,11,AVERAGE,3,1
513,Vostro 5568,2022,4,4,AVERAGE,5,1
514,Inspiron 5570,2019,4,4,AVERAGE,5,1
515,Mi Notebook,2022,6,6,AVERAGE,12,1
516,VivoBook E12,2022,8,8,AVERAGE,4,1
517,15-bs190od (i5-8250U/4GB/1TB/W10),2022,6,6,AVERAGE,2,1
518,ROG Zephyrus,2021,8,8,AVERAGE,4,1
519,Probook 450,2020,7,7,AVERAGE,2,1
520,FX753VE-GC155T (i7-7700HQ/16GB/1TB,2020,13,13,AVERAGE,4,1
521,Legion Y720-15IKB,2021,7,7,AVERAGE,6,1
522,Spectre X360,2021,9,9,AVERAGE,2,1
523,Latitude 5480,2022,3,3,AVERAGE,5,1
524,ProBook 440,2019,3,3,AVERAGE,2,1
525,Inspiron 5770,2020,11,11,AVERAGE,5,1
526,ThinkPad L470,2021,14,14,AVERAGE,6,1
527,IdeaPad 320-15IKB,2021,7,7,AVERAGE,6,1
528,IdeaPad 320-15ISK,2019,9,9,AVERAGE,6,1
529,Inspiron 3567,2019,13,13,AVERAGE,5,1
530,Latitude 5580,2021,5,5,AVERAGE,5,1
531,Alienware 17,2022,7,7,AVERAGE,5,1
532,Satellite Pro,2020,4,4,AVERAGE,10,1
533,Zenbook UX510UW-FI095T,2020,14,14,AVERAGE,4,1
534,SmartBook Edge,2019,5,5,AVERAGE,15,1
535,ROG Strix,2020,5,5,AVERAGE,4,1
536,Latitude 5580,2020,13,13,AVERAGE,5,1
537,Inspiron 5570,2021,9,9,AVERAGE,5,1
538,250 G6,2020,8,8,AVERAGE,2,1
539,Omen 15-ce006nv,2022,15,15,AVERAGE,2,1
540,Thinkpad E470,2021,9,9,AVERAGE,6,1
541,XPS 13,2019,7,7,AVERAGE,5,1
542,Vostro 5468,2019,10,10,AVERAGE,5,1
543,Envy 13-AB020nr,2022,3,3,AVERAGE,2,1
544,Aspire 7,2022,8,8,AVERAGE,3,1
545,VivoBook X540YA-XX519T,2019,11,11,AVERAGE,4,1
546,ProBook 450,2021,8,8,AVERAGE,2,1
547,ThinkPad E470,2020,14,14,AVERAGE,6,1
548,V310-15ISK (i5-6200U/4GB/1TB/FHD/No,2019,9,9,AVERAGE,6,1
549,250 G6,2020,10,10,AVERAGE,2,1
550,ThinkPad T570,2021,11,11,AVERAGE,6,1
551,IdeaPad 320-15ISK,2020,3,3,AVERAGE,6,1
552,Latitude 5580,2020,14,14,AVERAGE,5,1
553,Alienware 17,2019,5,5,AVERAGE,5,1
554,17-X047na (i3-6006U/8GB/1TB/W10),2020,4,4,AVERAGE,2,1
555,ProBook 470,2019,11,11,AVERAGE,2,1
556,A541NA-GO342 (N3350/4GB/500GB/Linux),2019,3,3,AVERAGE,4,1
557,SmartBook 130,2021,15,15,AVERAGE,15,1
558,IdeaPad 320-17IKB,2019,5,5,AVERAGE,6,1
559,15-bw007nv (A10-9620P/6GB/128GB/Radeon,2022,7,7,AVERAGE,2,1
560,Vostro 3568,2021,13,13,AVERAGE,5,1
561,Spin SP111-31,2022,13,13,AVERAGE,3,1
562,V330-15IKB (i3-7130U/4GB/128GB/FHD/W10),2021,3,3,AVERAGE,6,1
563,EliteBook 1030,2022,15,15,AVERAGE,2,1
564,Thinkpad P71,2019,11,11,AVERAGE,6,1
565,FX553VD-DM627T (i5-7300HQ/8GB/1TB,2019,10,10,AVERAGE,4,1
566,XPS 13,2020,7,7,AVERAGE,5,1
567,Latitude 5580,2019,14,14,AVERAGE,5,1
568,Lifebook A557,2022,6,6,AVERAGE,18,1
569,IdeaPad 320-15IAP,2019,14,14,AVERAGE,6,1
570,ThinkPad L470,2019,3,3,AVERAGE,6,1
571,ZBook 17,2019,12,12,AVERAGE,2,1
572,14-am079na (N3710/8GB/2TB/W10),2021,5,5,AVERAGE,2,1
573,15-cd005nv (A9-9420/6GB/256GB/Radeon,2022,15,15,AVERAGE,2,1
574,Thinkpad E570,2020,6,6,AVERAGE,6,1
575,V330-15IKB (i5-8250U/4GB/500GB/FHD/W10),2022,11,11,AVERAGE,6,1
576,SmartBook 141,2022,5,5,AVERAGE,15,1
577,Tecra X40-D-10H,2021,14,14,AVERAGE,10,1
578,IdeaPad Y910-17ISK,2019,15,15,AVERAGE,6,1
579,GT73VR Titan,2022,11,11,AVERAGE,8,1
580,Inspiron 3567,2020,8,8,AVERAGE,5,1
581,SmartBook Edge,2021,9,9,AVERAGE,15,1
582,Latitude 5580,2020,3,3,AVERAGE,5,1
583,ProBook 430,2020,8,8,AVERAGE,2,1
584,Latitude 5580,2022,15,15,AVERAGE,5,1
585,Chromebook 11,2020,9,9,AVERAGE,5,1
586,GT80S 6QE,2019,6,6,AVERAGE,8,1
587,Omen 17-AN010nv,2020,7,7,AVERAGE,2,1
588,Thinkpad T460s,2020,9,9,AVERAGE,6,1
589,Ideapad 320-15IKBR,2022,4,4,AVERAGE,6,1
590,ROG Strix,2021,3,3,AVERAGE,4,1
591,TP501UA-CJ131T (i5-7200U/8GB/1TB/W10),2021,5,5,AVERAGE,4,1
592,IdeaPad 320-15ABR,2021,9,9,AVERAGE,6,1
593,Inspiron 3179,2021,10,10,AVERAGE,5,1
594,Notebook Odyssey,2019,3,3,AVERAGE,16,1
595,V320-17ISK (i3-6006U/4GB/500GB/FHD/No,2020,7,7,AVERAGE,6,1
596,IdeaPad 110-15ISK,2019,15,15,AVERAGE,6,1
597,ThinkPad Yoga,2022,3,3,AVERAGE,6,1
598,Thinkpad T470p,2022,8,8,AVERAGE,6,1
599,Latitude 5289,2020,4,4,AVERAGE,5,1
600,Precision 3520,2021,11,11,AVERAGE,5,1
601,EliteBook 850,2019,12,12,AVERAGE,2,1
602,ProBook 450,2022,4,4,AVERAGE,2,1
603,Aspire 1,2022,12,12,AVERAGE,3,1
604,Laptop MSI,2019,11,11,AVERAGE,8,1
605,Vostro 3568,2019,14,14,AVERAGE,5,1
606,GS63VR 7RF,2020,6,6,AVERAGE,8,1
607,Tecra Z50-C-144,2019,7,7,AVERAGE,10,1
608,IdeaPad 310-15IKB,2022,11,11,AVERAGE,6,1
609,Yoga 720-15IKB,2020,10,10,AVERAGE,6,1
610,Swift SF114-31-P5HY,2019,13,13,AVERAGE,3,1
611,Thinkpad P51,2021,5,5,AVERAGE,6,1
612,Inspiron 7559,2021,10,10,AVERAGE,5,1
613,Vostro 3568,2021,14,14,AVERAGE,5,1
614,Inspiron 3567,2022,6,6,AVERAGE,5,1
615,Latitude 5580,2022,13,13,AVERAGE,5,1
616,FX753VD-GC007T (i7-7700HQ/8GB/1TB,2021,9,9,AVERAGE,4,1
617,Vostro 3568,2019,8,8,AVERAGE,5,1
618,EliteBook 850,2022,10,10,AVERAGE,2,1
619,GT62VR 7RE,2020,7,7,AVERAGE,8,1
620,CB5-132T-C9KK (N3160/4GB/32GB/Chrome,2022,13,13,AVERAGE,3,1
621,ProBook 650,2022,14,14,AVERAGE,2,1
622,ThinkPad T470,2020,9,9,AVERAGE,6,1
623,Inspiron 5570,2019,3,3,AVERAGE,5,1
624,LifeBook A557,2020,5,5,AVERAGE,18,1
625,EliteBook 850,2021,11,11,AVERAGE,2,1
626,IdeaPad 320-15IKB,2019,12,12,AVERAGE,6,1
627,SmartBook 140,2020,14,14,AVERAGE,15,1
628,IdeaPad 320-15IKBN,2021,12,12,AVERAGE,6,1
629,Q304UA-BHI5T11 (i5-7200U/6GB/1TB/FHD/W10),2020,7,7,AVERAGE,4,1
630,XPS 15,2022,9,9,AVERAGE,5,1
631,ZenBook 3,2022,11,11,AVERAGE,4,1
632,Inspiron 7567,2022,4,4,AVERAGE,5,1
633,V330-15IKB (i5-8250U/4GB/256GB/FHD/W10),2021,7,7,AVERAGE,6,1
634,Ideapad 320-15ISK,2022,4,4,AVERAGE,6,1
635,X541NA-GO414T (N3350/8GB/1TB/W10),2022,14,14,AVERAGE,4,1
636,VivoBook Pro,2022,15,15,AVERAGE,4,1
637,XPS 13,2019,8,8,AVERAGE,5,1
638,IdeaPad 100S-14IBR,2021,10,10,AVERAGE,6,1
639,Thinkpad Yoga,2021,4,4,AVERAGE,6,1
640,XPS 15,2021,13,13,AVERAGE,5,1
641,Legion Y520-15IKBN,2019,3,3,AVERAGE,6,1
642,17-AK091ND (A9-9420/8GB/1TB/W10),2022,14,14,AVERAGE,2,1
643,ThinkPad X1,2022,3,3,AVERAGE,6,1
644,ROG GL553VE-FY022,2019,13,13,AVERAGE,4,1
645,Extensa EX2540,2021,12,12,AVERAGE,3,1
646,IdeaPad 100S-14IBR,2022,10,10,AVERAGE,6,1
647,Swift 3,2019,8,8,AVERAGE,3,1
648,Blade Pro,2021,14,14,AVERAGE,14,1
649,Portege Z30-C-16J,2020,5,5,AVERAGE,10,1
650,Thinkpad X270,2022,15,15,AVERAGE,6,1
651,ROG G701VI,2021,8,8,AVERAGE,4,1
652,A715-71G-59DH (i5-7300HQ/8GB/1TB/GeForce,2021,3,3,AVERAGE,3,1
653,XPS 13,2022,11,11,AVERAGE,5,1
654,GL62M 7REX,2019,6,6,AVERAGE,8,1
655,250 G6,2020,12,12,AVERAGE,2,1
656,Tecra A50-D-11M,2019,4,4,AVERAGE,10,1
657,Inspiron 5570,2022,10,10,AVERAGE,5,1
658,Inspiron 5570,2021,14,14,AVERAGE,5,1
659,IdeaPad Y700-15ISK,2019,4,4,AVERAGE,6,1
660,Alienware 17,2019,15,15,AVERAGE,5,1
661,Latitude E7470,2019,4,4,AVERAGE,5,1
662,Ideapad 320-15IAP,2020,15,15,AVERAGE,6,1
663,IdeaPad 320-15ISK,2020,15,15,AVERAGE,6,1
664,15-ay047nv (i3-6006U/6GB/1TB/Radeon,2022,10,10,AVERAGE,2,1
665,GP72VR Leopard,2020,7,7,AVERAGE,8,1
666,Satellite Pro,2021,11,11,AVERAGE,10,1
667,Latitude 3580,2019,4,4,AVERAGE,5,1
668,15-bs012nv (i7-7500U/8GB/1TB/Radeon,2019,12,12,AVERAGE,2,1
669,Tecra Z50-D-10E,2019,6,6,AVERAGE,10,1
670,Aspire 3,2019,13,13,AVERAGE,3,1
671,Surface Laptop,2019,10,10,AVERAGE,9,1
672,V310-15ISK (i5-7200U/8GB/1TB,2022,3,3,AVERAGE,6,1
673,Yoga 720-13IKB,2021,4,4,AVERAGE,6,1
674,IdeaPad 320-15AST,2019,8,8,AVERAGE,6,1
675,Pavilion X360,2021,14,14,AVERAGE,2,1
676,GP62 7RDX,2021,15,15,AVERAGE,8,1
677,Zenbook 3,2019,3,3,AVERAGE,4,1
678,Chromebook X360,2022,10,10,AVERAGE,2,1
679,Gram 15Z975,2022,10,10,AVERAGE,19,1
680,Aspire VX5-591G,2022,4,4,AVERAGE,3,1
681,GV62M 7RD,2019,15,15,AVERAGE,8,1
682,L502NA-GO052T (N3350/4GB/128GB/W10),2022,14,14,AVERAGE,4,1
683,Alienware 15,2020,11,11,AVERAGE,5,1
684,17-bs000nv I3,2019,8,8,AVERAGE,2,1
685,Yoga 730,2021,4,4,AVERAGE,6,1
686,Alienware 15,2021,4,4,AVERAGE,5,1
687,250 G6,2019,10,10,AVERAGE,2,1
688,Inspiron 3567,2020,8,8,AVERAGE,5,1
689,17-Y002nv (A10-9600P/6GB/2TB/Radeon,2022,8,8,AVERAGE,2,1
690,V110-15ISK (3855U/4GB/500GB/W10),2022,7,7,AVERAGE,6,1
691,Chromebook 14,2020,7,7,AVERAGE,3,1
692,IdeaPad 520s-14IKB,2021,9,9,AVERAGE,6,1
693,ZBook 17,2022,13,13,AVERAGE,2,1
694,ThinkPad X1,2022,4,4,AVERAGE,6,1
695,Satellite Pro,2021,14,14,AVERAGE,10,1
696,TravelMate B117-M,2019,13,13,AVERAGE,3,1
697,Yoga 910-13IKB,2020,13,13,AVERAGE,6,1
698,Chromebook Flip,2022,5,5,AVERAGE,4,1
699,Portege Z30T-C-133,2022,7,7,AVERAGE,10,1
700,15-bs011nv (i7-7500U/4GB/500GB/Radeon,2021,12,12,AVERAGE,2,1
701,Inspiron 5577,2022,11,11,AVERAGE,5,1
702,IdeaPad 320-15AST,2021,10,10,AVERAGE,6,1
703,IdeaPad 320-15ABR,2019,10,10,AVERAGE,6,1
704,V310-15IKB (i5-7200U/4GB/1TB/FHD/W10),2021,4,4,AVERAGE,6,1
705,V310-15ISK (i3-6006U/4GB/500GB/No,2020,8,8,AVERAGE,6,1
706,Vostro 5568,2020,13,13,AVERAGE,5,1
707,Spin 5,2022,10,10,AVERAGE,3,1
708,ThinkPad P51s,2021,6,6,AVERAGE,6,1
709,Thinkpad T460p,2021,11,11,AVERAGE,6,1
710,17-ak002nv (A10-9620P/6GB/2TB/Radeon,2021,14,14,AVERAGE,2,1
711,Legion Y520-15IKBN,2020,11,11,AVERAGE,6,1
712,Latitude 5480,2021,13,13,AVERAGE,5,1
713,Vostro 5568,2021,10,10,AVERAGE,5,1
714,VivoBook E403NA,2021,6,6,AVERAGE,4,1
715,Latitude 5580,2022,12,12,AVERAGE,5,1
716,Thinkpad E470,2020,5,5,AVERAGE,6,1
717,Latitude 5580,2019,6,6,AVERAGE,5,1
718,110-15ACL (A6-7310/4GB/500GB/W10),2020,4,4,AVERAGE,6,1
719,Smartbook 142,2019,3,3,AVERAGE,15,1
720,ProBook 470,2021,10,10,AVERAGE,2,1
721,ThinkPad X1,2020,10,10,AVERAGE,6,1
722,Pavilion X360,2020,8,8,AVERAGE,2,1
723,ThinkPad T470s,2021,6,6,AVERAGE,6,1
724,Alienware 17,2019,5,5,AVERAGE,5,1
725,GL72M 7REX,2021,9,9,AVERAGE,8,1
726,V310-15IKB (i5-7200U/4GB/1TB/No,2022,6,6,AVERAGE,6,1
727,Inspiron 5570,2021,14,14,AVERAGE,5,1
728,Inspiron 5378,2020,9,9,AVERAGE,5,1
729,Inspiron 5567,2019,9,9,AVERAGE,5,1
730,15-BW037na (A9-9420/4GB/1TB/Radeon,2021,10,10,AVERAGE,2,1
731,Predator 17,2022,3,3,AVERAGE,3,1
732,Inspiron 3567,2020,10,10,AVERAGE,5,1
733,15-BW091ND (A9-9420/6GB/1TB,2021,4,4,AVERAGE,2,1
734,Extensa EX2540-58KR,2019,6,6,AVERAGE,3,1
735,ThinkPad 13,2021,11,11,AVERAGE,6,1
736,V310-15IKB (i7-7500U/4GB/1TB/FHD/W10),2022,7,7,AVERAGE,6,1
737,ZBook 15,2022,4,4,AVERAGE,2,1
738,Inspiron 5379,2022,15,15,AVERAGE,5,1
739,GS63VR 7RF,2022,5,5,AVERAGE,8,1
740,Aspire ES1-572,2019,7,7,AVERAGE,3,1
741,Inspiron 7560,2020,12,12,AVERAGE,5,1
742,Vostro 3568,2022,14,14,AVERAGE,5,1
743,Tecra X40-D-10G,2022,13,13,AVERAGE,10,1
744,Flex 5,2022,14,14,AVERAGE,6,1
745,Thinkpad P51s,2019,12,12,AVERAGE,6,1
746,Chromebook 14,2020,10,10,AVERAGE,3,1
747,Notebook 9,2020,4,4,AVERAGE,16,1
748,250 G6,2020,8,8,AVERAGE,2,1
749,Latitude 5480,2019,12,12,AVERAGE,5,1
750,Zbook 17,2019,15,15,AVERAGE,2,1
751,N23 (N3060/4GB/128GB/W10),2019,3,3,AVERAGE,6,1
752,EliteBook 850,2019,7,7,AVERAGE,2,1
753,X550VX-XX015D (i5-6300HQ/4GB/1TB/GeForce,2021,4,4,AVERAGE,4,1
754,Thinkpad T460,2020,15,15,AVERAGE,6,1
755,Pro P2540UA-XO0192R,2021,4,4,AVERAGE,4,1
756,Yoga 900-13ISK,2022,5,5,AVERAGE,6,1
757,15-cb003na (i5-7300HQ/8GB/1TB,2020,10,10,AVERAGE,2,1
758,ZBook 15,2020,8,8,AVERAGE,2,1
759,Alienware 17,2022,3,3,AVERAGE,5,1
760,Aspire 3,2022,8,8,AVERAGE,3,1
761,Legion Y520-15IKBN,2020,11,11,AVERAGE,6,1
762,Latitude 7280,2019,7,7,AVERAGE,5,1
763,Pixelbook (Core,2022,3,3,AVERAGE,17,1
764,Zenbook UX330UA-AH5Q,2021,10,10,AVERAGE,4,1
765,Latitude 3380,2019,12,12,AVERAGE,5,1
766,TravelMate P238-M,2019,9,9,AVERAGE,3,1
767,X751NV-TY001 (N4200/4GB/1TB/GeForce,2020,4,4,AVERAGE,4,1
768,Inspiron 7559,2022,11,11,AVERAGE,5,1
769,Notebook 9,2020,13,13,AVERAGE,16,1
770,Aspire A315-31,2019,8,8,AVERAGE,3,1
771,Inspiron 5567,2020,4,4,AVERAGE,5,1
772,Notebook 9,2021,13,13,AVERAGE,16,1
773,Tecra A40-C-1E5,2021,11,11,AVERAGE,10,1
774,Inspiron 7567,2021,6,6,AVERAGE,5,1
775,EliteBook 820,2019,10,10,AVERAGE,2,1
776,Q524UQ-BHI7T15 (i7-7500U/12GB/2TB/GeForce,2020,12,12,AVERAGE,4,1
777,Thinkpad P50,2020,14,14,AVERAGE,6,1
778,Swift 3,2019,13,13,AVERAGE,3,1
779,Blade Pro,2022,5,5,AVERAGE,14,1
780,Vivobook Max,2019,7,7,AVERAGE,4,1
781,Alienware 17,2022,8,8,AVERAGE,5,1
782,Rog G752VS-BA171T,2021,3,3,AVERAGE,4,1
783,Tecra Z40-C-161,2020,10,10,AVERAGE,10,1
784,IdeaPad 110-15IBR,2022,10,10,AVERAGE,6,1
785,ThinkPad T470s,2021,5,5,AVERAGE,6,1
786,GS43VR 7RE,2021,15,15,AVERAGE,8,1
787,GL62M (i5-7300HQ/8GB/1TB,2021,15,15,AVERAGE,8,1
788,Legion Y520-15IKBN,2021,8,8,AVERAGE,6,1
789,Predator G9-793,2022,3,3,AVERAGE,3,1
790,Inspiron 7567,2021,9,9,AVERAGE,5,1
791,FX502VM-DM560T (i7-7700HQ/8GB/1TB,2022,6,6,AVERAGE,4,1
792,K146 (N3350/4GB/32GB/W10),2021,14,14,AVERAGE,13,1
793,ThinkPad Yoga,2021,13,13,AVERAGE,6,1
794,Yoga 510-15IKB,2019,15,15,AVERAGE,6,1
795,"MacBook 12""",2020,9,9,AVERAGE,1,1
796,ThinkPad X1,2019,3,3,AVERAGE,6,1
797,R417NA-RS01 (N3350/4GB/32GB/W10),2022,4,4,AVERAGE,4,1
798,Latitude 3580,2021,3,3,AVERAGE,5,1
799,Yoga 910-13IKB,2019,4,4,AVERAGE,6,1
800,Vostro 5568,2019,12,12,AVERAGE,5,1
801,ZBook 17,2019,11,11,AVERAGE,2,1
802,Pro P2540UA-XS51,2020,14,14,AVERAGE,4,1
803,XPS 13,2021,14,14,AVERAGE,5,1
804,XPS 15,2022,11,11,AVERAGE,5,1
805,Latitude 3180,2021,4,4,AVERAGE,5,1
806,EliteBook 820,2020,5,5,AVERAGE,2,1
807,Satellite Pro,2022,13,13,AVERAGE,10,1
808,15-ba043na (A12-9700P/8GB/2TB/W10),2021,11,11,AVERAGE,2,1
809,Inspiron 7567,2020,7,7,AVERAGE,5,1
810,IdeaPad 310-15IKB,2022,9,9,AVERAGE,6,1
811,Omen 17-an012dx,2020,4,4,AVERAGE,2,1
812,GE72MVR 7RG,2022,11,11,AVERAGE,8,1
813,Notebook 9,2021,9,9,AVERAGE,16,1
814,Vostro 5568,2022,6,6,AVERAGE,5,1
815,Vostro 3568,2022,3,3,AVERAGE,5,1
816,Thinkpad T470s,2021,11,11,AVERAGE,6,1
817,Blade Stealth,2021,11,11,AVERAGE,14,1
818,Chromebook 11,2021,8,8,AVERAGE,2,1
819,Alienware 17,2020,8,8,AVERAGE,5,1
820,Latitude 3480,2021,9,9,AVERAGE,5,1
821,V110-15ISK (i3-6006U/4GB/500GB/W10),2020,13,13,AVERAGE,6,1
822,Tecra X40-D-10Z,2022,5,5,AVERAGE,10,1
823,Thinkpad X1,2019,11,11,AVERAGE,6,1
824,GL62M 7RD,2021,8,8,AVERAGE,8,1
825,ThinkPad X1,2022,15,15,AVERAGE,6,1
826,Satellite Pro,2022,9,9,AVERAGE,10,1
827,ZenBook Flip,2019,8,8,AVERAGE,4,1
828,Latitude 3480,2022,4,4,AVERAGE,5,1
829,Chromebook 11,2021,6,6,AVERAGE,3,1
830,Swift 3,2019,10,10,AVERAGE,3,1
831,Blade Pro,2022,8,8,AVERAGE,14,1
832,Thinkpad X1,2020,15,15,AVERAGE,6,1
833,VivoBook Max,2022,4,4,AVERAGE,4,1
834,Thinkpad T460,2021,11,11,AVERAGE,6,1
835,ThinkPad T470s,2019,3,3,AVERAGE,6,1
836,Alienware 15,2021,7,7,AVERAGE,5,1
837,Rog GL702VS-BA023T,2019,14,14,AVERAGE,4,1
838,Satellite Pro,2021,13,13,AVERAGE,10,1
839,N42-20 Chromebook,2020,14,14,AVERAGE,6,1
840,R558UA-DM966T (i5-7200U/8GB/128GB/FHD/W10),2020,15,15,AVERAGE,4,1
841,Rog GL702VM-GC017T,2019,13,13,AVERAGE,4,1
842,Alienware 17,2022,3,3,AVERAGE,5,1
843,ProBook 470,2021,15,15,AVERAGE,2,1
844,Vostro 3568,2020,9,9,AVERAGE,5,1
845,EliteBook 840,2022,9,9,AVERAGE,2,1
846,Vostro 3568,2022,9,9,AVERAGE,5,1
847,Chromebook X360,2020,7,7,AVERAGE,2,1
848,ZenBook UX310UQ-GL026T,2019,12,12,AVERAGE,4,1
849,EliteBook x360,2022,12,12,AVERAGE,2,1
850,EliteBook 840,2020,7,7,AVERAGE,2,1
851,250 G6,2022,9,9,AVERAGE,2,1
852,Rog GL502VM-DS74,2021,5,5,AVERAGE,4,1
853,Inspiron 5767,2022,14,14,AVERAGE,5,1
854,ThinkPad T470p,2022,13,13,AVERAGE,6,1
855,K556UR-DM621T (i7-7500U/8GB/256GB/GeForce,2022,15,15,AVERAGE,4,1
856,Latitude 5580,2020,9,9,AVERAGE,5,1
857,X541NA (N4200/4GB/1TB/W10),2022,3,3,AVERAGE,4,1
858,EliteBook x360,2020,7,7,AVERAGE,2,1
859,Inspiron 5368,2022,10,10,AVERAGE,5,1
860,IdeaPad 110-15ISK,2020,9,9,AVERAGE,6,1
861,ThinkPad E570,2019,9,9,AVERAGE,6,1
862,EliteBook 850,2021,8,8,AVERAGE,2,1
863,Portege X30-D-10X,2020,15,15,AVERAGE,10,1
864,Legion Y520-15IKBN,2019,6,6,AVERAGE,6,1
865,XPS 13,2022,7,7,AVERAGE,5,1
866,Probook 450,2022,10,10,AVERAGE,2,1
867,Portégé Z30-C-188,2022,9,9,AVERAGE,10,1
868,ThinkPad Yoga,2019,9,9,AVERAGE,6,1
869,TMX349-G2-M-50FS (i5-7200U/8GB/256GB/FHD/W10),2019,10,10,AVERAGE,3,1
870,Precision 3520,2020,8,8,AVERAGE,5,1
871,ThinkPad L570,2020,6,6,AVERAGE,6,1
872,IdeaPad 110-15ISK,2020,12,12,AVERAGE,6,1
873,Tecra A50-D-11D,2022,3,3,AVERAGE,10,1
874,Thinkpad 13,2020,5,5,AVERAGE,6,1
875,Notebook 9,2020,7,7,AVERAGE,16,1
876,Latitude 7280,2019,14,14,AVERAGE,5,1
877,X541NA-GO121 (N4200/4GB/1TB/Linux),2022,6,6,AVERAGE,4,1
878,Mi Notebook,2022,12,12,AVERAGE,12,1
879,Vostro 5568,2021,7,7,AVERAGE,5,1
880,ProBook 450,2021,9,9,AVERAGE,2,1
881,EliteBook x360,2019,8,8,AVERAGE,2,1
882,Pavilion x360,2019,12,12,AVERAGE,2,1
883,VivoBook L402NA,2021,6,6,AVERAGE,4,1
884,IdeaPad 510-15ISK,2022,15,15,AVERAGE,6,1
885,Inspiron 3552,2020,6,6,AVERAGE,5,1
886,EliteBook x360,2020,10,10,AVERAGE,2,1
887,Vostro 3568,2022,15,15,AVERAGE,5,1
888,Rog GL753VD-GC082T,2020,4,4,AVERAGE,4,1
889,Chromebook C731-C78G,2021,5,5,AVERAGE,3,1
890,IdeaPad 110-17ACL,2022,8,8,AVERAGE,6,1
891,Probook 640,2021,5,5,AVERAGE,2,1
892,Envy x360,2022,9,9,AVERAGE,2,1
893,Notebook 9,2019,4,4,AVERAGE,16,1
894,ThinkPad T470s,2020,8,8,AVERAGE,6,1
895,GS73VR Stealth,2020,3,3,AVERAGE,8,1
896,Portege X30-D-10V,2022,4,4,AVERAGE,10,1
897,Inspiron 7567,2019,11,11,AVERAGE,5,1
898,ProBook 450,2019,14,14,AVERAGE,2,1
899,Vostro 3568,2019,3,3,AVERAGE,5,1
900,Latitude 5580,2021,14,14,AVERAGE,5,1
901,XPS 13,2022,6,6,AVERAGE,5,1
902,G701VO-IH74K (i7-6820HK/32GB/2x,2021,6,6,AVERAGE,4,1
903,XPS 13,2021,15,15,AVERAGE,5,1
904,ThinkPad X1,2022,13,13,AVERAGE,6,1
905,ThinkPad T570,2021,6,6,AVERAGE,6,1
906,Gram 15Z970,2021,13,13,AVERAGE,19,1
907,Elitebook 820,2021,3,3,AVERAGE,2,1
908,Chromebook CB5-571-C1DZ,2021,9,9,AVERAGE,3,1
909,IdeaPad Y700-15ISK,2019,11,11,AVERAGE,6,1
910,Gram 14Z970,2019,9,9,AVERAGE,19,1
911,Latitude 5480,2022,8,8,AVERAGE,5,1
912,Elitebook Folio,2021,13,13,AVERAGE,2,1
913,IdeaPad 510-15IKB,2020,11,11,AVERAGE,6,1
914,ProBook 450,2019,14,14,AVERAGE,2,1
915,Aspire E5-575,2019,15,15,AVERAGE,3,1
916,ThinkPad 13,2019,11,11,AVERAGE,6,1
917,Probook 430,2021,3,3,AVERAGE,2,1
918,GE72VR 6RF,2020,8,8,AVERAGE,8,1
919,Inspiron 7567,2019,8,8,AVERAGE,5,1
920,GL62M 7RD,2019,13,13,AVERAGE,8,1
921,Vostro 3568,2022,6,6,AVERAGE,5,1
922,EliteBook 850,2020,8,8,AVERAGE,2,1
923,Envy 13-AB077cl,2020,14,14,AVERAGE,2,1
924,Tecra Z50-C-140,2020,13,13,AVERAGE,10,1
925,ThinkPad Yoga,2022,13,13,AVERAGE,6,1
926,Latitude 3580,2020,3,3,AVERAGE,5,1
927,Thinkpad X270,2021,11,11,AVERAGE,6,1
928,Probook 650,2022,3,3,AVERAGE,2,1
929,Vostro 3568,2021,13,13,AVERAGE,5,1
930,ProBook 640,2020,14,14,AVERAGE,2,1
931,IdeaPad 320-15IAP,2022,10,10,AVERAGE,6,1
932,EliteBook 820,2022,8,8,AVERAGE,2,1
933,250 G6,2019,15,15,AVERAGE,2,1
934,Yoga 900-13ISK,2022,4,4,AVERAGE,6,1
935,Tecra Z40-C-12X,2019,14,14,AVERAGE,10,1
936,EliteBook 820,2021,9,9,AVERAGE,2,1
937,Vostro 3568,2021,11,11,AVERAGE,5,1
938,GP62M Leopard,2022,9,9,AVERAGE,8,1
939,Latitude 7480,2021,5,5,AVERAGE,5,1
940,Alienware 17,2022,7,7,AVERAGE,5,1
941,Omen 17-W006na,2020,14,14,AVERAGE,2,1
942,X751SV-TY001T (N3710/4GB/1TB/GeForce,2022,6,6,AVERAGE,4,1
943,TravelMate P259-G2,2021,11,11,AVERAGE,3,1
944,Tecra A50-C-1ZV,2021,15,15,AVERAGE,10,1
945,Yoga 700-11ISK,2020,5,5,AVERAGE,6,1
946,IdeaPad Y700-15ACZ,2022,14,14,AVERAGE,6,1
947,Latitude 7280,2022,4,4,AVERAGE,5,1
948,IdeaPad 310-15IKB,2019,12,12,AVERAGE,6,1
949,Insprion 5767,2021,6,6,AVERAGE,5,1
950,Chromebook 14,2022,15,15,AVERAGE,3,1
951,ZBook Studio,2022,6,6,AVERAGE,2,1
952,Latitude 7480,2020,9,9,AVERAGE,5,1
953,Portege Z30-C-1CW,2022,4,4,AVERAGE,10,1
954,Chromebook Flip,2022,4,4,AVERAGE,4,1
955,Thinkpad T460,2021,11,11,AVERAGE,6,1
956,Alienware 17,2019,15,15,AVERAGE,5,1
957,XPS 13,2022,11,11,AVERAGE,5,1
958,ProBook x360,2022,13,13,AVERAGE,2,1
959,XPS 13,2022,5,5,AVERAGE,5,1
960,Chromebook C738T-C2EJ,2020,9,9,AVERAGE,3,1
961,Portege Z30-C-16Z,2019,3,3,AVERAGE,10,1
962,ThinkPad X270,2021,15,15,AVERAGE,6,1
963,Aspire F5-573G-510L,2021,9,9,AVERAGE,3,1
964,Portege X20W-D-10V,2020,6,6,AVERAGE,10,1
965,ProBook 450,2022,15,15,AVERAGE,2,1
966,Inspiron 3567,2020,10,10,AVERAGE,5,1
967,Latitude 5580,2019,10,10,AVERAGE,5,1
968,ProBook 450,2022,12,12,AVERAGE,2,1
969,Alienware 17,2022,6,6,AVERAGE,5,1
970,IdeaPad 310-15IKB,2022,5,5,AVERAGE,6,1
971,XPS 13,2021,6,6,AVERAGE,5,1
972,Latitude E7470,2019,9,9,AVERAGE,5,1
973,Alienware 17,2019,8,8,AVERAGE,5,1
974,Tecra A40-C-1DF,2022,13,13,AVERAGE,10,1
975,Rog Strix,2020,11,11,AVERAGE,4,1
976,Probook 450,2021,4,4,AVERAGE,2,1
977,ThinkPad T460,2020,10,10,AVERAGE,6,1
978,Q534UX-BHI7T19 (i7-7500U/16GB/2TB,2022,13,13,AVERAGE,4,1
979,15-bs053od (i7-7500U/6GB/1TB/W10),2020,8,8,AVERAGE,2,1
980,Rog GL753VE-DS74,2019,7,7,AVERAGE,4,1
981,Inspiron 7579,2022,3,3,AVERAGE,5,1
982,Portege Z30-C-1CV,2019,7,7,AVERAGE,10,1
983,IdeaPad 320-15ABR,2019,10,10,AVERAGE,6,1
984,LifeBook A556,2021,13,13,AVERAGE,18,1
985,Tecra A40-C-1KF,2021,3,3,AVERAGE,10,1
986,Inspiron 3567,2019,15,15,AVERAGE,5,1
987,Probook 450,2019,3,3,AVERAGE,2,1
988,Legion Y520-15IKBN,2019,14,14,AVERAGE,6,1
989,Inspiron 5567,2021,13,13,AVERAGE,5,1
990,Latitude 5480,2020,12,12,AVERAGE,5,1
991,EliteBook Folio,2021,11,11,AVERAGE,2,1
992,15-bs005nv (i3-6006U/4GB/1TB,2020,12,12,AVERAGE,2,1
993,V110-15IAP (N3350/4GB/128GB/No,2021,14,14,AVERAGE,6,1
994,ThinkPad T560,2020,15,15,AVERAGE,6,1
995,Inspiron 5378,2019,13,13,AVERAGE,5,1
996,ZenBook UX310UA-FB485T,2022,3,3,AVERAGE,4,1
997,Spectre 13-V111dx,2020,14,14,AVERAGE,2,1
998,Aspire ES1-533,2019,6,6,AVERAGE,3,1
999,Rog GL553VE-DS74,2019,5,5,AVERAGE,4,1
1000,EliteBook 840,2019,15,15,AVERAGE,2,1
1001,Nitro 5,2020,7,7,AVERAGE,3,1
1002,ENVY -,2020,12,12,AVERAGE,2,1
1003,Vostro 3568,2019,6,6,AVERAGE,5,1
1004,Probook 440,2022,8,8,AVERAGE,2,1
1005,Portege Z30-C-16H,2021,3,3,AVERAGE,10,1
1006,EliteBook 840,2020,4,4,AVERAGE,2,1
1007,ProBook 640,2021,5,5,AVERAGE,2,1
1008,EliteBook 1040,2022,15,15,AVERAGE,2,1
1009,ProBook 440,2019,12,12,AVERAGE,2,1
1010,Probook 440,2019,15,15,AVERAGE,2,1
1011,Inspiron 7567,2022,10,10,AVERAGE,5,1
1012,EliteBook 820,2021,10,10,AVERAGE,2,1
1013,Elitebook 840,2020,8,8,AVERAGE,2,1
1014,EliteBook 840,2022,8,8,AVERAGE,2,1
1015,Probook 430,2020,13,13,AVERAGE,2,1
1016,Portege A30-C-1CZ,2022,5,5,AVERAGE,10,1
1017,ProBook 450,2021,7,7,AVERAGE,2,1
1018,ThinkPad P70,2022,14,14,AVERAGE,6,1
1019,Tecra Z40-C-12Z,2021,12,12,AVERAGE,10,1
1020,EliteBook 1040,2020,15,15,AVERAGE,2,1
1021,Inspiron 5568,2019,15,15,AVERAGE,5,1
1022,Portégé Z30-C-16K,2021,13,13,AVERAGE,10,1
1023,Spectre 13-V100nv,2019,9,9,AVERAGE,2,1
1024,ProBook 440,2022,5,5,AVERAGE,2,1
1025,Latitude E5570,2022,9,9,AVERAGE,5,1
1026,Elitebook 820,2020,11,11,AVERAGE,2,1
1027,ProBook 650,2022,7,7,AVERAGE,2,1
1028,ProBook 640,2019,12,12,AVERAGE,2,1
1029,XPS 13,2022,12,12,AVERAGE,5,1
1030,Probook 470,2021,5,5,AVERAGE,2,1
1031,ProBook 440,2019,15,15,AVERAGE,2,1
1032,Aspire 3,2019,3,3,AVERAGE,3,1
1033,GL72M 7RDX,2022,10,10,AVERAGE,8,1
1034,Probook 640,2020,15,15,AVERAGE,2,1
1035,EliteBook 850,2020,7,7,AVERAGE,2,1
1036,EliteBook 820,2019,4,4,AVERAGE,2,1
1037,ProBook 450,2021,15,15,AVERAGE,2,1
1038,Tecra Z40-C-136,2021,10,10,AVERAGE,10,1
1039,Latitude E5570,2021,3,3,AVERAGE,5,1
1040,ProBook 440,2021,8,8,AVERAGE,2,1
1041,Yoga 500-15ISK,2020,15,15,AVERAGE,6,1
1042,V142 (X5-Z8350/2GB/32GB/W10),2022,3,3,AVERAGE,13,1
1043,Tecra A50-C-218,2020,6,6,AVERAGE,10,1
1044,Thinkpad L560,2021,7,7,AVERAGE,6,1
1045,EliteBook 840,2021,5,5,AVERAGE,2,1
1046,EliteBook 850,2019,9,9,AVERAGE,2,1
1047,EliteBook 1040,2022,6,6,AVERAGE,2,1
1048,GT72S Dominator,2019,11,11,AVERAGE,8,1
1049,IdeaPad Y900-17ISK,2022,10,10,AVERAGE,6,1
1050,Chromebook C202SA,2020,15,15,AVERAGE,4,1
1051,ThinkPad X1,2022,14,14,AVERAGE,6,1
1052,Noteb Pav,2019,11,11,AVERAGE,2,1
1053,Inspiron 5578,2020,6,6,AVERAGE,5,1
1054,ProBook 450,2020,7,7,AVERAGE,2,1
1055,XPS 13,2019,9,9,AVERAGE,5,1
1056,ProBook 650,2020,6,6,AVERAGE,2,1
1057,250 G5,2020,4,4,AVERAGE,2,1
1058,Aspire ES1-523,2020,14,14,AVERAGE,3,1
1059,Inspiron 7378,2020,13,13,AVERAGE,5,1
1060,GT62VR 6RD,2020,3,3,AVERAGE,8,1
1061,ProBook 450,2022,12,12,AVERAGE,2,1
1062,Rog G752VL-GC088D,2020,3,3,AVERAGE,4,1
1063,Inspiron 3567,2022,8,8,AVERAGE,5,1
1064,Inspiron 5567,2022,3,3,AVERAGE,5,1
1065,GS63VR 6RF,2022,4,4,AVERAGE,8,1
1066,XPS 13,2020,15,15,AVERAGE,5,1
1067,ROG G701VO,2020,14,14,AVERAGE,4,1
1068,Inspiron 5368,2019,15,15,AVERAGE,5,1
1069,Alienware 15,2021,7,7,AVERAGE,5,1
1070,"MacBook 12""",2021,15,15,AVERAGE,1,1
1071,Latitude 3570,2020,12,12,AVERAGE,5,1
1072,ProBook 650,2019,5,5,AVERAGE,2,1
1073,EliteBook 820,2022,13,13,AVERAGE,2,1
1074,ProBook 430,2022,13,13,AVERAGE,2,1
1075,ThinkPad Yoga,2019,9,9,AVERAGE,6,1
1076,IdeaPad 300-17ISK,2021,9,9,AVERAGE,6,1
1077,Ideapad 700-15ISK,2022,11,11,AVERAGE,6,1
1078,GT72VR Dominator,2021,6,6,AVERAGE,8,1
1079,V110-15ISK (i5-6200U/4GB/500GB/W10),2020,3,3,AVERAGE,6,1
1080,Probook 650,2020,14,14,AVERAGE,2,1
1081,Yoga 900S-12ISK,2020,7,7,AVERAGE,6,1
1082,IdeaPad Y900-17ISK,2021,8,8,AVERAGE,6,1
1083,Yoga Book,2021,11,11,AVERAGE,6,1
1084,Spectre x360,2019,8,8,AVERAGE,2,1
1085,Vostro 3568,2020,11,11,AVERAGE,5,1
1086,EliteBook 840,2022,6,6,AVERAGE,2,1
1087,ZBook 15u,2021,13,13,AVERAGE,2,1
1088,ThinkPad T460,2019,13,13,AVERAGE,6,1
1089,Chromebook 13,2019,3,3,AVERAGE,2,1
1090,Aspire ES1-523,2020,12,12,AVERAGE,3,1
1091,Inspiron 3552,2019,5,5,AVERAGE,5,1
1092,250 G6,2020,11,11,AVERAGE,2,1
1093,Rog GL702VM-GC354T,2020,4,4,AVERAGE,4,1
1094,Inspiron 5370,2020,10,10,AVERAGE,5,1
1095,Elitebook 820,2019,4,4,AVERAGE,2,1
1096,Aspire F5-573G,2020,10,10,AVERAGE,3,1
1097,Inspiron 5567,2022,13,13,AVERAGE,5,1
1098,GS70 Stealth,2019,7,7,AVERAGE,8,1
1099,250 G5,2021,6,6,AVERAGE,2,1
1100,G752VY-GC162T (i7-6700HQ/16GB/1TB,2022,3,3,AVERAGE,4,1
1101,Latitude E5270,2021,12,12,AVERAGE,5,1
1102,Latitude E5270,2019,9,9,AVERAGE,5,1
1103,Chromebook 15,2021,7,7,AVERAGE,3,1
1104,ZBook 17,2020,11,11,AVERAGE,2,1
1105,Legion Y520-15IKBN,2021,13,13,AVERAGE,6,1
1106,Latitude E5270,2022,9,9,AVERAGE,5,1
1107,GE72 Apache,2019,7,7,AVERAGE,8,1
1108,Yoga 500-15ISK,2022,4,4,AVERAGE,6,1
1109,15-bw011nv (A6-9220/4GB/1TB/FHD/W10),2021,12,12,AVERAGE,2,1
1110,Rog GL552VW-CN470T,2020,4,4,AVERAGE,4,1
1111,EliteBook 1030,2020,15,15,AVERAGE,2,1
1112,Vostro 3559,2020,13,13,AVERAGE,5,1
1113,V110-15ISK (i3-6006U/4GB/128GB/W10),2020,4,4,AVERAGE,6,1
1114,Spectre Pro,2021,4,4,AVERAGE,2,1
1115,Yoga Book,2021,6,6,AVERAGE,6,1
1116,XPS 13,2022,12,12,AVERAGE,5,1
1117,IdeaPad Y900-17ISK,2019,11,11,AVERAGE,6,1
1118,Blade Stealth,2021,11,11,AVERAGE,14,1
1119,Portege X30-D-10K,2020,3,3,AVERAGE,10,1
1120,Rog GL752VW-T4308T,2021,4,4,AVERAGE,4,1
1121,V131 (X5-Z8350/4GB/32GB/FHD/W10),2021,9,9,AVERAGE,13,1
1122,Spectre Pro,2020,4,4,AVERAGE,2,1
1123,EliteBook 1040,2020,4,4,AVERAGE,2,1
1124,Latitude E5570,2020,8,8,AVERAGE,5,1
1125,VivoBook Max,2022,11,11,AVERAGE,4,1
1126,ThinkPad Yoga,2022,12,12,AVERAGE,6,1
1127,Yoga Book,2020,11,11,AVERAGE,6,1
1128,EliteBook 820,2019,15,15,AVERAGE,2,1
1129,Legion Y520-15IKBN,2020,14,14,AVERAGE,6,1
1130,Omen -,2021,6,6,AVERAGE,2,1
1131,15-bs078cl (i7-7500U/8GB/2TB/W10),2020,3,3,AVERAGE,2,1
1132,ThinkPad P40,2022,12,12,AVERAGE,6,1
1133,L403NA-GA013TS (N3350/4GB/32GB/W10),2019,15,15,AVERAGE,4,1
1134,250 G6,2021,7,7,AVERAGE,2,1
1135,Aspire E5-576G,2020,13,13,AVERAGE,3,1
1136,IdeaPad 500-15ISK,2022,12,12,AVERAGE,6,1
1137,ZBook 17,2019,14,14,AVERAGE,2,1
1138,Inspiron 5567,2019,6,6,AVERAGE,5,1
1139,GT72S Dominator,2020,12,12,AVERAGE,8,1
1140,EliteBook 850,2021,15,15,AVERAGE,2,1
1141,ThinkPad X1,2020,8,8,AVERAGE,6,1
1142,GP62M 7RDX,2022,4,4,AVERAGE,8,1
1143,Spectre Pro,2020,8,8,AVERAGE,2,1
1144,ZBook 15,2021,7,7,AVERAGE,2,1
1145,Spectre Pro,2019,3,3,AVERAGE,2,1
1146,ZBook Studio,2020,11,11,AVERAGE,2,1
1147,EliteBook 820,2020,10,10,AVERAGE,2,1
1148,Vostro 5568,2021,12,12,AVERAGE,5,1
1149,EliteBook 850,2020,15,15,AVERAGE,2,1
1150,ThinkPad X1,2020,8,8,AVERAGE,6,1
1151,V110-15ISK (i3-6006U/4GB/1TB/No,2020,13,13,AVERAGE,6,1
1152,15-BA015wm (E2-7110/4GB/500GB/W10),2021,12,12,AVERAGE,2,1
1153,B51-80 (i5-6200U/8GB/1TB/Radeon,2019,6,6,AVERAGE,6,1
1154,Inspiron 7567,2019,8,8,AVERAGE,5,1
1155,XPS 15,2020,7,7,AVERAGE,5,1
1156,15-bw002nv (A6-9220/4GB/256GB/Radeon,2019,11,11,AVERAGE,2,1
1157,GP72M 7REX,2019,5,5,AVERAGE,8,1
1158,ThinkPad T460s,2020,13,13,AVERAGE,6,1
1159,B51-80 (i5-6200U/8GB/1008GB/Radeon,2019,12,12,AVERAGE,6,1
1160,Spectre Pro,2019,9,9,AVERAGE,2,1
1161,ThinkPad T460,2019,15,15,AVERAGE,6,1
1162,GS40 Phantom,2021,14,14,AVERAGE,8,1
1163,Pavilion 15-cb003nv,2022,9,9,AVERAGE,2,1
1164,IdeaPad 310-15ISK,2022,9,9,AVERAGE,6,1
1165,250 G4,2020,10,10,AVERAGE,2,1
1166,Inspiron 7567,2022,8,8,AVERAGE,5,1
1167,ThinkPad T570,2022,4,4,AVERAGE,6,1
1168,320-15ISK (i3-6006U/4GB/1TB/GeForce,2020,10,10,AVERAGE,6,1
1169,Stream 14-AX000nv,2021,8,8,AVERAGE,2,1
1170,PL60 7RD,2022,12,12,AVERAGE,8,1
1171,250 G5,2022,11,11,AVERAGE,2,1
1172,ProBook 450,2021,8,8,AVERAGE,2,1
1173,X553SA-XX021T (N3050/4GB/500GB/W10),2021,5,5,AVERAGE,4,1
1174,V110-15ISK (i5-6200U/4GB/500GB/No,2022,15,15,AVERAGE,6,1
1175,IdeaPad 510-15IKB,2022,7,7,AVERAGE,6,1
1176,UX410UA-GV097T (i3-7100U/4GB/256GB/FHD/W10),2019,8,8,AVERAGE,4,1
1177,B51-80 (i7-6500U/4GB/1008GB/FHD/W7),2021,6,6,AVERAGE,6,1
1178,IdeaPad Y700-15ISK,2019,11,11,AVERAGE,6,1
1179,GS60 Ghost,2022,5,5,AVERAGE,8,1
1180,ProBook 450,2022,4,4,AVERAGE,2,1
1181,ThinkPad X1,2021,12,12,AVERAGE,6,1
1182,IdeaPad 310-15IKB,2022,7,7,AVERAGE,6,1
1183,Vostro 5568,2022,4,4,AVERAGE,5,1
1184,Aspire 3,2019,3,3,AVERAGE,3,1
1185,Pavilion 15-BC000nv,2022,5,5,AVERAGE,2,1
1186,Rog GL552VW-DM201T,2019,4,4,AVERAGE,4,1
1187,Inspiron 5578,2020,5,5,AVERAGE,5,1
1188,Aspire E5-576G,2021,15,15,AVERAGE,3,1
1189,XPS 13,2022,14,14,AVERAGE,5,1
1190,Predator G9-793,2022,4,4,AVERAGE,3,1
1191,Legion Y520-15IKBN,2020,8,8,AVERAGE,6,1
1192,Chromebook Plus,2020,12,12,AVERAGE,16,1
1193,250 G6,2019,14,14,AVERAGE,2,1
1194,"MacBook 12""",2019,10,10,AVERAGE,1,1
1195,Inspiron 7378,2021,10,10,AVERAGE,5,1
1196,Pavilion Power,2019,3,3,AVERAGE,2,1
1197,V110-15ISK (i3-6006U/4GB/1TB/Radeon,2019,9,9,AVERAGE,6,1
1198,Rog G752VY-GC229T,2019,7,7,AVERAGE,4,1
1199,Aspire 3,2021,14,14,AVERAGE,3,1
1200,GS73VR 7RF,2019,13,13,AVERAGE,8,1
1201,Inspiron 5567,2019,13,13,AVERAGE,5,1
1202,IdeaPad 310-15ISK,2019,9,9,AVERAGE,6,1
1203,Inspiron 5579,2019,12,12,AVERAGE,5,1
1204,XPS 13,2021,11,11,AVERAGE,5,1
1205,FX502VM-DM105T (i7-6700HQ/8GB/1TB/GeForce,2022,12,12,AVERAGE,4,1
1206,Inspiron 5567,2019,13,13,AVERAGE,5,1
1207,15-bs025nv (i5-7200U/8GB/256GB/W10),2022,7,7,AVERAGE,2,1
1208,IdeaPad 320-15AST,2020,6,6,AVERAGE,6,1
1209,Aspire E5-774G,2020,6,6,AVERAGE,3,1
1210,Rog Strix,2021,3,3,AVERAGE,4,1
1211,"MacBook 12""",2019,10,10,AVERAGE,1,1
1212,FX502VM-AS73 (i7-7700HQ/16GB/1TB,2020,10,10,AVERAGE,4,1
1213,GS73VR Stealth,2022,11,11,AVERAGE,8,1
1214,Inspiron 7579,2019,5,5,AVERAGE,5,1
1215,ROG Strix,2020,6,6,AVERAGE,4,1
1216,C740-C9QX (3205U/2GB/32GB/Chrome,2022,9,9,AVERAGE,3,1
1217,E5 774G,2022,3,3,AVERAGE,3,1
1218,IdeaPad 320-17IKB,2020,12,12,AVERAGE,6,1
1219,IdeaPad Y700-15ISK,2019,12,12,AVERAGE,6,1
1220,SP714-51 (i7-7Y75/8GB/256GB/FHD/W10),2022,5,5,AVERAGE,3,1
1221,Thinkpad T560,2021,3,3,AVERAGE,6,1
1222,GP62MVR 6RF,2022,15,15,AVERAGE,8,1
1223,15-bw009nv (A12-9720P/6GB/1TB/Radeon,2021,9,9,AVERAGE,2,1
1224,Latitude E7270,2020,6,6,AVERAGE,5,1
1225,Inspiron 5578,2022,7,7,AVERAGE,5,1
1226,X540SA-RBPDN09 (N3710/4GB/1TB/W10),2019,6,6,AVERAGE,4,1
1227,XPS 13,2019,12,12,AVERAGE,5,1
1228,Vostro 3568,2019,15,15,AVERAGE,5,1
1229,IdeaPad Y700-15ISK,2020,3,3,AVERAGE,6,1
1230,GL62M 7RDX,2020,3,3,AVERAGE,8,1
1231,ThinkPad Yoga,2020,3,3,AVERAGE,6,1
1232,Blade Pro,2019,3,3,AVERAGE,14,1
1233,Inspiron 3567,2020,11,11,AVERAGE,5,1
1234,GE72VR Apache,2022,5,5,AVERAGE,8,1
1235,MacBook Air,2022,13,13,AVERAGE,1,1
1236,15-bs023nv (i3-6006U/4GB/1TB/FHD/W10),2019,10,10,AVERAGE,2,1
1237,EliteBook 840,2019,5,5,AVERAGE,2,1
1238,Vostro 3559,2022,8,8,AVERAGE,5,1
1239,GL62 6QF,2021,10,10,AVERAGE,8,1
1240,ThinkPad 13,2022,6,6,AVERAGE,6,1
1241,IdeaPad 320-15ABR,2022,11,11,AVERAGE,6,1
1242,ZenBook UX310UA-WB71,2022,10,10,AVERAGE,4,1
1243,Aspire ES1-572,2020,4,4,AVERAGE,3,1
1244,Inspiron 7779,2022,6,6,AVERAGE,5,1
1245,EliteBook 840,2021,13,13,AVERAGE,2,1
1246,Rog GL553VE-FY052T,2019,10,10,AVERAGE,4,1
1247,Latitude 5480,2020,7,7,AVERAGE,5,1
1248,Rog GL502VS,2022,3,3,AVERAGE,4,1
1249,V510-15IKB (i5-7200U/8GB/256GB/FHD/No,2021,6,6,AVERAGE,6,1
1250,XPS 13,2020,3,3,AVERAGE,5,1
1251,Inspiron 3552,2019,15,15,AVERAGE,5,1
1252,255 G6,2020,9,9,AVERAGE,2,1
1253,IdeaPad 310-15ISK,2022,15,15,AVERAGE,6,1
1254,ThinkPad L460,2020,15,15,AVERAGE,6,1
1255,Inspiron 3552,2022,5,5,AVERAGE,5,1
1256,X541NA-GO020T (N3350/4GB/1TB/W10),2021,6,6,AVERAGE,4,1
1257,Rog G752VT-GC073T,2020,14,14,AVERAGE,4,1
1258,Vostro 3568,2020,10,10,AVERAGE,5,1
1259,B51-80 (i7-6500U/8GB/1008GB/Radeon,2022,12,12,AVERAGE,6,1
1260,GE62 Apache,2020,4,4,AVERAGE,8,1
1261,Yoga 500-14IBD,2020,13,13,AVERAGE,6,1
1262,ZenBook UX305CA-UBM1,2020,3,3,AVERAGE,4,1
1263,Inspiron 3567,2021,6,6,AVERAGE,5,1
1264,Aspire ES1-531,2021,15,15,AVERAGE,3,1
1265,Inspiron 3552,2019,6,6,AVERAGE,5,1
1266,IdeaPad Y700-15ISK,2021,15,15,AVERAGE,6,1
1267,Pavilion 15-AW003nv,2022,5,5,AVERAGE,2,1
1268,Inspiron 3567,2021,6,6,AVERAGE,5,1
1269,Stream 11-Y000na,2022,10,10,AVERAGE,2,1
1270,X556UJ-XO044T (i7-6500U/4GB/500GB/GeForce,2022,4,4,AVERAGE,4,1
1271,Yoga 500-14ISK,2022,9,9,AVERAGE,6,1
1272,Yoga 900-13ISK,2019,6,6,AVERAGE,6,1
1273,IdeaPad 100S-14IBR,2022,8,8,AVERAGE,6,1
1274,15-AC110nv (i7-6500U/6GB/1TB/Radeon,2022,12,12,AVERAGE,2,1
1275,X553SA-XX031T (N3050/4GB/500GB/W10),2022,5,5,AVERAGE,4,1
1276,ZenBook UX305CA-UBM1,2020,3,3,AVERAGE,4,1
1277,Inspiron 3567,2019,10,10,AVERAGE,5,1
1278,Aspire ES1-531,2020,9,9,AVERAGE,3,1
1279,Inspiron 3552,2020,10,10,AVERAGE,5,1
1280,IdeaPad Y700-15ISK,2020,12,12,AVERAGE,6,1
1281,Pavilion 15-AW003nv,2022,4,4,AVERAGE,2,1
1282,Inspiron 3567,2019,12,12,AVERAGE,5,1
1283,Stream 11-Y000na,2022,13,13,AVERAGE,2,1
1284,X556UJ-XO044T (i7-6500U/4GB/500GB/GeForce,2021,12,12,AVERAGE,4,1
1285,Yoga 500-14ISK,2020,12,12,AVERAGE,6,1
1286,Yoga 900-13ISK,2021,7,7,AVERAGE,6,1
1287,IdeaPad 100S-14IBR,2020,14,14,AVERAGE,6,1
1288,15-AC110nv (i7-6500U/6GB/1TB/Radeon,2020,12,12,AVERAGE,2,1
1289,X553SA-XX031T (N3050/4GB/500GB/W10),2022,8,8,AVERAGE,4,1
1290,ZenBook UX305CA-UBM1,2022,9,9,AVERAGE,4,1
1291,Inspiron 3567,2022,7,7,AVERAGE,5,1
1292,Aspire ES1-531,2021,3,3,AVERAGE,3,1
1293,Inspiron 3552,2019,4,4,AVERAGE,5,1
1294,IdeaPad Y700-15ISK,2020,9,9,AVERAGE,6,1
1295,Pavilion 15-AW003nv,2020,15,15,AVERAGE,2,1
1296,Inspiron 3567,2022,4,4,AVERAGE,5,1
1297,Stream 11-Y000na,2022,15,15,AVERAGE,2,1
1298,X556UJ-XO044T (i7-6500U/4GB/500GB/GeForce,2019,13,13,AVERAGE,4,1
1299,Yoga 500-14ISK,2020,9,9,AVERAGE,6,1
1300,Yoga 900-13ISK,2019,3,3,AVERAGE,6,1
1301,IdeaPad 100S-14IBR,2022,7,7,AVERAGE,6,1
1302,15-AC110nv (i7-6500U/6GB/1TB/Radeon,2021,9,9,AVERAGE,2,1
1303,X553SA-XX031T (N3050/4GB/500GB/W10),2022,7,7,AVERAGE,4,1
